student_id,name,email,phone,birthdate,faculty,year_level
1,Quentin Hassan,quentin.hassan@torrens.edu.au,0404332181,2005-07-02,Business,1
2,Chloe O'Brien,chloe.obrien@torrens.edu.au,0489083863,2003-10-09,Business,2
3,Santiago Cooper,santiago.cooper@torrens.edu.au,0454235116,1997-06-28,Technology,3
4,Valentina Chen,valentina.chen@torrens.edu.au,0478161849,2001-10-07,Business,1
5,Ravi O'Brien,ravi.obrien@torrens.edu.au,0441316475,1998-06-12,Design,3
6,Santiago Turner,santiago.turner@torrens.edu.au,0419283276,2000-11-23,Design,3
7,Willow Davis,willow.davis@torrens.edu.au,0430564139,2007-06-07,Health,4
8,Yasmin Reyes,yasmin.reyes@torrens.edu.au,0472423884,2007-10-14,Health,3
9,Daniel Ivanov,daniel.ivanov@torrens.edu.au,0487101226,2005-02-13,Health,4
10,Mei Quinn,mei.quinn@torrens.edu.au,0480184514,2002-03-15,Business,3
11,Marcus Lopez,marcus.lopez@torrens.edu.au,0481489325,2008-03-18,Business,3
12,Laila Baker,laila.baker@torrens.edu.au,0415430391,1997-12-16,Business,2
13,Beatrice Silva,beatrice.silva@torrens.edu.au,0478248963,2004-12-23,Design,3
14,Isabella Silva,isabella.silva@torrens.edu.au,0457871331,2001-01-19,Design,2
15,Aarav Evans,aarav.evans@torrens.edu.au,0403105183,2000-11-16,Design,2
16,Takumi Lee,takumi.lee@torrens.edu.au,0497376311,2006-07-12,Health,4
17,Kiara Wong,kiara.wong@torrens.edu.au,0401065133,1999-09-15,Design,4
18,Camille Roberts,camille.roberts@torrens.edu.au,0473178108,1996-02-25,Design,2
19,Jason Green,jason.green@torrens.edu.au,0473602606,2000-08-10,Health,4
20,Benjamin Martin,benjamin.martin@torrens.edu.au,0443098050,1996-10-16,Design,1
21,Marcus Fernandez,marcus.fernandez@torrens.edu.au,0421913619,1999-10-20,Business,1
22,Jason Silva,jason.silva@torrens.edu.au,0499854353,2000-07-05,Technology,4
23,Gabriel Evans,gabriel.evans@torrens.edu.au,0407991183,2004-05-05,Technology,1
24,Yasmin Patel,yasmin.patel@torrens.edu.au,0454278498,1996-11-27,Technology,1
25,Yasmin Ivanov,yasmin.ivanov@torrens.edu.au,0441182449,1999-12-11,Design,3
26,Marcus Green,marcus.green@torrens.edu.au,0440164005,2008-03-21,Technology,2
27,Tara Dixon,tara.dixon@torrens.edu.au,0486801128,1996-06-19,Design,4
28,Beatrice Chen,beatrice.chen@torrens.edu.au,0445053315,2008-09-28,Health,2
29,Zara Patel,zara.patel@torrens.edu.au,0422602563,2000-03-26,Business,4
30,Xiao Chen,xiao.chen@torrens.edu.au,0473375433,1996-11-07,Health,3
31,Evelyn Evans,evelyn.evans@torrens.edu.au,0445868501,2000-03-19,Technology,1
32,Arjun Novak,arjun.novak@torrens.edu.au,0465569816,2005-04-09,Business,4
33,Aarav Ito,aarav.ito@torrens.edu.au,0483561595,2006-02-24,Technology,3
34,Ravi Brown,ravi.brown@torrens.edu.au,0456482366,2006-12-06,Technology,4
35,Noor Anderson,noor.anderson@torrens.edu.au,0444369957,2003-08-22,Design,4
36,Vincent Young,vincent.young@torrens.edu.au,0421489513,2006-05-08,Design,2
37,Ada Chen,ada.chen@torrens.edu.au,0437917693,2007-12-13,Health,4
38,Diana Jackson,diana.jackson@torrens.edu.au,0401632870,2004-04-28,Business,4
39,Beatrice Ellis,beatrice.ellis@torrens.edu.au,0488957986,2004-08-06,Health,4
40,Ethan Patel,ethan.patel@torrens.edu.au,0448734714,1999-05-11,Technology,1
41,Beatrice Jackson,beatrice.jackson@torrens.edu.au,0436231665,2004-08-14,Business,2
42,Willow Brown,willow.brown@torrens.edu.au,0469096705,2000-07-28,Health,2
43,Laila O'Brien,laila.obrien@torrens.edu.au,0446706562,2003-03-20,Business,4
44,Olivia Lee,olivia.lee@torrens.edu.au,0401627204,2002-06-07,Health,3
45,Grace Yamamoto,grace.yamamoto@torrens.edu.au,0446417080,2001-04-21,Business,1
46,Umar Baker,umar.baker@torrens.edu.au,0433092327,2006-02-19,Design,4
47,Santiago Quinn,santiago.quinn@torrens.edu.au,0452991241,2005-01-10,Health,4
48,Sophia Martin,sophia.martin@torrens.edu.au,0419314919,2008-01-12,Health,3
49,Amir Hughes,amir.hughes@torrens.edu.au,0450671657,2007-03-14,Design,3
50,Priya Jones,priya.jones@torrens.edu.au,0477694531,2000-08-08,Health,4
51,Grace Baker,grace.baker@torrens.edu.au,0475273545,2000-10-23,Technology,1
52,Mei Martin,mei.martin@torrens.edu.au,0413678377,2003-01-03,Technology,2
53,Isabella Volkov,isabella.volkov@torrens.edu.au,0434957885,2002-12-18,Technology,3
54,Santiago Ellis,santiago.ellis@torrens.edu.au,0444431351,2007-09-25,Design,2
55,Chloe Young,chloe.young@torrens.edu.au,0474989413,2000-04-12,Design,3
56,Aarav Walker,aarav.walker@torrens.edu.au,0482400842,2006-08-04,Business,3
57,Lachlan Ford,lachlan.ford@torrens.edu.au,0475204711,2002-08-03,Business,2
58,Benjamin Lee,benjamin.lee@torrens.edu.au,0441318699,2008-10-08,Health,4
59,Zachary Dixon,zachary.dixon@torrens.edu.au,0449649909,2007-02-25,Design,2
60,Ethan Silva,ethan.silva@torrens.edu.au,0412328120,2002-08-23,Health,3
61,Adrian O'Brien,adrian.obrien@torrens.edu.au,0444713493,2002-02-18,Design,2
62,Zachary Roberts,zachary.roberts@torrens.edu.au,0421024994,2003-02-15,Technology,4
63,Evelyn Hughes,evelyn.hughes@torrens.edu.au,0487719065,2005-05-01,Business,2
64,Samantha Lee,samantha.lee@torrens.edu.au,0490490278,2006-08-09,Design,4
65,Quentin Green,quentin.green@torrens.edu.au,0417565512,2001-07-23,Health,3
66,Ravi Zhang,ravi.zhang@torrens.edu.au,0480715451,2008-07-28,Business,4
67,Jason Davis,jason.davis@torrens.edu.au,0438597703,2000-09-05,Technology,4
68,Yasmin Volkov,yasmin.volkov@torrens.edu.au,0471093248,1996-09-14,Business,2
69,Willow Hassan,willow.hassan@torrens.edu.au,0471274846,2003-08-08,Health,2
70,Ibrahim Martin,ibrahim.martin@torrens.edu.au,0498214658,2000-01-10,Technology,4
71,Xiao Jackson,xiao.jackson@torrens.edu.au,0478755886,2003-06-28,Design,2
72,Oliver Yamamoto,oliver.yamamoto@torrens.edu.au,0436057662,2003-01-05,Technology,1
73,Xiao Dixon,xiao.dixon@torrens.edu.au,0418702621,2003-05-11,Health,1
74,Xander Vargas,xander.vargas@torrens.edu.au,0486578091,1999-11-22,Technology,2
75,Tara Fernandez,tara.fernandez@torrens.edu.au,0461172400,2001-01-10,Technology,3
76,Jasmine Jackson,jasmine.jackson@torrens.edu.au,0438692221,2005-07-20,Design,4
77,Zachary Morgan,zachary.morgan@torrens.edu.au,0423747407,2000-11-18,Design,1
78,Kai Williams,kai.williams@torrens.edu.au,0494647436,2003-02-08,Health,3
79,Oliver Singh,oliver.singh@torrens.edu.au,0440640909,2007-08-27,Technology,2
80,Pablo Williams,pablo.williams@torrens.edu.au,0433942104,2008-08-02,Technology,2
